{
  "coupangAveragePrice": 51537.75,
  "coupangRocketZetDesc": "아주좋음",
  "coupangRocketZetRatio": "9.86",
  "coupangRocketZetScore": "90.14",
  "coupangCompetitionDesc": "아주좋음",
  "coupangCompetitionGrade": "A",
  "coupangCompetitionRatio": "0.04",
  "coupangCompetitionScore": 100,
  "coupangTotalProductCount": 63981,
  "coupangAverageReviewCount": 22.46,
  "coupangRocketDeliveryDesc": "아주좋음",
  "coupangRocketDeliveryRatio": "0.00",
  "coupangRocketDeliveryScore": "100.00",
  "coupangTotalCompetitionDesc": "아주좋음",
  "coupangTotalCompetitionScore": 98.03
}
