{
    "compact": true,
    "controlFlowFlattening": false,
    "controlFlowFlatteningThreshold": 0.75,
    "deadCodeInjection": false,
    "deadCodeInjectionThreshold": 0.4,
    "debugProtection": false,
    "debugProtectionInterval": 0,
    "disableConsoleOutput": true,
    "identifierNamesGenerator": "hexadecimal",
    "log": false,
    "renameGlobals": false,
    "rotateStringArray": true,
    "selfDefending": false,
    "stringArray": true,
    "stringArrayEncoding": ["base64"],
    "stringArrayThreshold": 0.75,
    "unicodeEscapeSequence": false
  }