{
  "id": "12340696676",
  "channelServiceType": "STOREFARM",
  "channelProductType": "SINGLE",
  "channelProductSupplyType": "OWNER",
  "channelProductStatusType": "NORMAL",
  "channelProductDisplayStatusType": "ON",
  "category": {
    "categoryId": "50000834",
    "categoryName": "조끼",
    "category1Id": "50000000",
    "category2Id": "50000169",
    "category3Id": "50000834",
    "category1Name": "패션의류",
    "category2Name": "남성의류",
    "category3Name": "조끼",
    "wholeCategoryId": "50000000>50000169>50000834",
    "wholeCategoryName": "패션의류>남성의류>조끼",
    "categoryLevel": 3,
    "lastLevel": true,
    "sortOrder": 10,
    "validCategory": true,
    "receiptIssue": true,
    "exceptionalCategoryTypes": [
      "SAFE_CRITERION",
      "MANUFACTURE_DEFINE_NO",
      "GROUP_PRODUCT_MAX",
      "REGULAR_SUBSCRIPTION",
      "FREE_RETURN_INSURANCE"
    ],
    "pointAccumulationYn": false
  },
  "name": "테크웨어 작업 조끼 경량 멀티포켓 멜빵 전투 아웃도어 전술조끼 후드 캠핑",
  "productUrl": "https://smartstore.naver.com/main/products/12340696676",
  "mobileProductUrl": "https://m.smartstore.naver.com/main/products/12340696676",
  "channel": {
    "accountNo": 102355916,
    "channelNo": "102472328",
    "channelUid": "2xee2oefITJ1CePpUUg7D",
    "channelName": "에스디와이유통",
    "representName": "에스디와이유통",
    "channelSiteUrl": "sdydelivery",
    "channelSiteFullUrl": "https://smartstore.naver.com/sdydelivery",
    "channelSiteMobileUrl": "https://m.smartstore.naver.com/sdydelivery",
    "accountId": "ncp_1oxubw_01",
    "naverPaySellerNo": "512365812",
    "sellerExternalStatusType": "NORMAL",
    "logoWidth": 0,
    "logoHeight": 0,
    "channelTypeCode": "STOREFARM"
  },
  "storeKeepExclusiveProduct": false,
  "epInfo": {
    "matchingModelId": 54215206594,
    "naverShoppingRegistration": true,
    "naverShoppingExposure": true,
    "enuriRegistration": false,
    "danawaRegistration": false,
    "syncNvMid": 89885207393
  },
  "best": false,
  "orderRequestUsable": false,
  "channelProductAttributes": [],
  "productNo": "12284604886",
  "salePrice": 40900,
  "dispSalePrice": 40900,
  "stockQuantity": 41958,
  "saleType": "NEW",
  "excludeAdminDiscount": false,
  "payExposure": true,
  "productStatusType": "SALE",
  "statusType": "SALE",
  "authenticationType": "NORMAL",
  "productImages": [
    {
      "order": 1,
      "url": "https://shop-phinf.pstatic.net/20250331_85/1743400864066ypEGQ_JPEG/13460353941493659_975460232.jpg",
      "width": 1000,
      "height": 1000,
      "imageType": "REPRESENTATIVE"
    },
    {
      "order": 4,
      "url": "https://shop-phinf.pstatic.net/20250331_198/1743400867332W8uvx_JPEG/69220808273975229_1555817673.jpg",
      "width": 1000,
      "height": 1000,
      "imageType": "OPTIONAL"
    },
    {
      "order": 1,
      "url": "https://shop-phinf.pstatic.net/20250331_255/1743400869186UmMW4_JPEG/21268701300787243_1949094040.jpg",
      "width": 1000,
      "height": 1000,
      "imageType": "OPTIONAL"
    },
    {
      "order": 2,
      "url": "https://shop-phinf.pstatic.net/20250331_229/1743400866857GJid4_JPEG/13460356736464154_2012675739.jpg",
      "width": 600,
      "height": 800,
      "imageType": "OPTIONAL"
    },
    {
      "order": 3,
      "url": "https://shop-phinf.pstatic.net/20250331_192/1743400865176U6Djt_JPEG/70988299112377079_757535587.jpg",
      "width": 1000,
      "height": 1000,
      "imageType": "OPTIONAL"
    }
  ],
  "itselfProductionProductYn": false,
  "afterServiceInfo": {
    "afterServiceTelephoneNumber": "********",
    "afterServiceGuideContent": "********"
  },
  "originAreaInfo": {
    "originAreaType": "INCLUDE_IN_DETAILS",
    "content": "상세설명에 표시",
    "originAreaCode": "03",
    "wholeOriginAreaName": "상세설명에 표시",
    "plural": false
  },
  "seoInfo": {
    "sellerTags": [
      {
        "text": "조끼코디"
      },
      {
        "text": "조끼의류"
      },
      {
        "text": "조끼자켓"
      },
      {
        "text": "조끼복"
      },
      {
        "text": "조끼베스트"
      }
    ]
  },
  "optionUsable": true,
  "options": [
    {
      "id": 10709017958,
      "optionType": "COMBINATION",
      "groupName": "선택"
    },
    {
      "id": 10709017959,
      "optionType": "COMBINATION",
      "groupName": "크기"
    }
  ],
  "optionCombinations": [
    {
      "id": 51530302491,
      "optionName1": "01.블랙",
      "optionName2": "01.S",
      "stockQuantity": 999,
      "price": 0,
      "regOrder": 0,
      "registerDate": "2025-09-02T12:49:58.461+0000"
    },
    {
      "id": 51530302492,
      "optionName1": "01.블랙",
      "optionName2": "02.M",
      "stockQuantity": 999,
      "price": 0,
      "regOrder": 1,
      "registerDate": "2025-09-02T12:49:58.463+0000"
    },
    {
      "id": 51530302493,
      "optionName1": "01.블랙",
      "optionName2": "03.L",
      "stockQuantity": 999,
      "price": 0,
      "regOrder": 2,
      "registerDate": "2025-09-02T12:49:58.465+0000"
    },
    {
      "id": 51530302494,
      "optionName1": "01.블랙",
      "optionName2": "04.XL",
      "stockQuantity": 999,
      "price": 0,
      "regOrder": 3,
      "registerDate": "2025-09-02T12:49:58.466+0000"
    },
    {
      "id": 51530302495,
      "optionName1": "01.블랙",
      "optionName2": "05.2XL",
      "stockQuantity": 999,
      "price": 0,
      "regOrder": 4,
      "registerDate": "2025-09-02T12:49:58.467+0000"
    },
    {
      "id": 51530302496,
      "optionName1": "01.블랙",
      "optionName2": "06.3XL",
      "stockQuantity": 999,
      "price": 0,
      "regOrder": 5,
      "registerDate": "2025-09-02T12:49:58.468+0000"
    },
    {
      "id": 51530302497,
      "optionName1": "01.블랙",
      "optionName2": "07.4XL",
      "stockQuantity": 999,
      "price": 0,
      "regOrder": 6,
      "registerDate": "2025-09-02T12:49:58.469+0000"
    },
    {
      "id": 51530302498,
      "optionName1": "02.그린",
      "optionName2": "01.S",
      "stockQuantity": 999,
      "price": 0,
      "regOrder": 7,
      "registerDate": "2025-09-02T12:49:58.470+0000"
    },
    {
      "id": 51530302499,
      "optionName1": "02.그린",
      "optionName2": "02.M",
      "stockQuantity": 999,
      "price": 0,
      "regOrder": 8,
      "registerDate": "2025-09-02T12:49:58.471+0000"
    },
    {
      "id": 51530302500,
      "optionName1": "02.그린",
      "optionName2": "03.L",
      "stockQuantity": 999,
      "price": 0,
      "regOrder": 9,
      "registerDate": "2025-09-02T12:49:58.472+0000"
    },
    {
      "id": 51530302501,
      "optionName1": "02.그린",
      "optionName2": "04.XL",
      "stockQuantity": 999,
      "price": 0,
      "regOrder": 10,
      "registerDate": "2025-09-02T12:49:58.473+0000"
    },
    {
      "id": 51530302502,
      "optionName1": "02.그린",
      "optionName2": "05.2XL",
      "stockQuantity": 999,
      "price": 0,
      "regOrder": 11,
      "registerDate": "2025-09-02T12:49:58.474+0000"
    },
    {
      "id": 51530302503,
      "optionName1": "02.그린",
      "optionName2": "06.3XL",
      "stockQuantity": 999,
      "price": 0,
      "regOrder": 12,
      "registerDate": "2025-09-02T12:49:58.475+0000"
    },
    {
      "id": 51530302504,
      "optionName1": "02.그린",
      "optionName2": "07.4XL",
      "stockQuantity": 999,
      "price": 0,
      "regOrder": 13,
      "registerDate": "2025-09-02T12:49:58.476+0000"
    },
    {
      "id": 51530302505,
      "optionName1": "03.블랙조끼+숏T",
      "optionName2": "01.S",
      "stockQuantity": 999,
      "price": 0,
      "regOrder": 14,
      "registerDate": "2025-09-02T12:49:58.477+0000"
    },
    {
      "id": 51530302506,
      "optionName1": "03.블랙조끼+숏T",
      "optionName2": "02.M",
      "stockQuantity": 999,
      "price": 0,
      "regOrder": 15,
      "registerDate": "2025-09-02T12:49:58.478+0000"
    },
    {
      "id": 51530302507,
      "optionName1": "03.블랙조끼+숏T",
      "optionName2": "03.L",
      "stockQuantity": 999,
      "price": 0,
      "regOrder": 16,
      "registerDate": "2025-09-02T12:49:58.479+0000"
    },
    {
      "id": 51530302508,
      "optionName1": "03.블랙조끼+숏T",
      "optionName2": "04.XL",
      "stockQuantity": 999,
      "price": 0,
      "regOrder": 17,
      "registerDate": "2025-09-02T12:49:58.480+0000"
    },
    {
      "id": 51530302509,
      "optionName1": "03.블랙조끼+숏T",
      "optionName2": "05.2XL",
      "stockQuantity": 999,
      "price": 0,
      "regOrder": 18,
      "registerDate": "2025-09-02T12:49:58.482+0000"
    },
    {
      "id": 51530302510,
      "optionName1": "03.블랙조끼+숏T",
      "optionName2": "06.3XL",
      "stockQuantity": 999,
      "price": 0,
      "regOrder": 19,
      "registerDate": "2025-09-02T12:49:58.483+0000"
    },
    {
      "id": 51530302511,
      "optionName1": "03.블랙조끼+숏T",
      "optionName2": "07.4XL",
      "stockQuantity": 999,
      "price": 0,
      "regOrder": 20,
      "registerDate": "2025-09-02T12:49:58.484+0000"
    },
    {
      "id": 51530302513,
      "optionName1": "04.그린조끼+숏T",
      "optionName2": "01.S",
      "stockQuantity": 999,
      "price": 0,
      "regOrder": 21,
      "registerDate": "2025-09-02T12:49:58.485+0000"
    },
    {
      "id": 51530302514,
      "optionName1": "04.그린조끼+숏T",
      "optionName2": "02.M",
      "stockQuantity": 999,
      "price": 0,
      "regOrder": 22,
      "registerDate": "2025-09-02T12:49:58.486+0000"
    },
    {
      "id": 51530302515,
      "optionName1": "04.그린조끼+숏T",
      "optionName2": "03.L",
      "stockQuantity": 999,
      "price": 0,
      "regOrder": 23,
      "registerDate": "2025-09-02T12:49:58.487+0000"
    },
    {
      "id": 51530302516,
      "optionName1": "04.그린조끼+숏T",
      "optionName2": "04.XL",
      "stockQuantity": 999,
      "price": 0,
      "regOrder": 24,
      "registerDate": "2025-09-02T12:49:58.488+0000"
    },
    {
      "id": 51530302517,
      "optionName1": "04.그린조끼+숏T",
      "optionName2": "05.2XL",
      "stockQuantity": 999,
      "price": 0,
      "regOrder": 25,
      "registerDate": "2025-09-02T12:49:58.490+0000"
    },
    {
      "id": 51530302518,
      "optionName1": "04.그린조끼+숏T",
      "optionName2": "06.3XL",
      "stockQuantity": 999,
      "price": 0,
      "regOrder": 26,
      "registerDate": "2025-09-02T12:49:58.491+0000"
    },
    {
      "id": 51530302519,
      "optionName1": "04.그린조끼+숏T",
      "optionName2": "07.4XL",
      "stockQuantity": 999,
      "price": 0,
      "regOrder": 27,
      "registerDate": "2025-09-02T12:49:58.492+0000"
    },
    {
      "id": 51530302520,
      "optionName1": "05.블랙조끼+롱T",
      "optionName2": "01.S",
      "stockQuantity": 999,
      "price": 0,
      "regOrder": 28,
      "registerDate": "2025-09-02T12:49:58.493+0000"
    },
    {
      "id": 51530302521,
      "optionName1": "05.블랙조끼+롱T",
      "optionName2": "02.M",
      "stockQuantity": 999,
      "price": 0,
      "regOrder": 29,
      "registerDate": "2025-09-02T12:49:58.494+0000"
    },
    {
      "id": 51530302522,
      "optionName1": "05.블랙조끼+롱T",
      "optionName2": "03.L",
      "stockQuantity": 999,
      "price": 0,
      "regOrder": 30,
      "registerDate": "2025-09-02T12:49:58.495+0000"
    },
    {
      "id": 51530302523,
      "optionName1": "05.블랙조끼+롱T",
      "optionName2": "04.XL",
      "stockQuantity": 999,
      "price": 0,
      "regOrder": 31,
      "registerDate": "2025-09-02T12:49:58.496+0000"
    },
    {
      "id": 51530302524,
      "optionName1": "05.블랙조끼+롱T",
      "optionName2": "05.2XL",
      "stockQuantity": 999,
      "price": 0,
      "regOrder": 32,
      "registerDate": "2025-09-02T12:49:58.497+0000"
    },
    {
      "id": 51530302525,
      "optionName1": "05.블랙조끼+롱T",
      "optionName2": "06.3XL",
      "stockQuantity": 999,
      "price": 0,
      "regOrder": 33,
      "registerDate": "2025-09-02T12:49:58.498+0000"
    },
    {
      "id": 51530302526,
      "optionName1": "05.블랙조끼+롱T",
      "optionName2": "07.4XL",
      "stockQuantity": 999,
      "price": 0,
      "regOrder": 34,
      "registerDate": "2025-09-02T12:49:58.500+0000"
    },
    {
      "id": 51530302527,
      "optionName1": "06.그린조끼+롱T",
      "optionName2": "01.S",
      "stockQuantity": 999,
      "price": 0,
      "regOrder": 35,
      "registerDate": "2025-09-02T12:49:58.501+0000"
    },
    {
      "id": 51530302528,
      "optionName1": "06.그린조끼+롱T",
      "optionName2": "02.M",
      "stockQuantity": 999,
      "price": 0,
      "regOrder": 36,
      "registerDate": "2025-09-02T12:49:58.502+0000"
    },
    {
      "id": 51530302529,
      "optionName1": "06.그린조끼+롱T",
      "optionName2": "03.L",
      "stockQuantity": 999,
      "price": 0,
      "regOrder": 37,
      "registerDate": "2025-09-02T12:49:58.503+0000"
    },
    {
      "id": 51530302530,
      "optionName1": "06.그린조끼+롱T",
      "optionName2": "04.XL",
      "stockQuantity": 999,
      "price": 0,
      "regOrder": 38,
      "registerDate": "2025-09-02T12:49:58.504+0000"
    },
    {
      "id": 51530302531,
      "optionName1": "06.그린조끼+롱T",
      "optionName2": "05.2XL",
      "stockQuantity": 999,
      "price": 0,
      "regOrder": 39,
      "registerDate": "2025-09-02T12:49:58.505+0000"
    },
    {
      "id": 51530302532,
      "optionName1": "06.그린조끼+롱T",
      "optionName2": "06.3XL",
      "stockQuantity": 999,
      "price": 0,
      "regOrder": 40,
      "registerDate": "2025-09-02T12:49:58.506+0000"
    },
    {
      "id": 51530302533,
      "optionName1": "06.그린조끼+롱T",
      "optionName2": "07.4XL",
      "stockQuantity": 999,
      "price": 0,
      "regOrder": 41,
      "registerDate": "2025-09-02T12:49:58.507+0000"
    }
  ],
  "optionStandards": [],
  "supplementProductUsable": false,
  "purchaseReviewInfo": {
    "purchaseReviewExposure": true
  },
  "customMadeInfo": {
    "customMade": false
  },
  "taxType": "TAX",
  "certification": false,
  "certificationTargetExcludeContent": {
    "childCertifiedProductExclusionYn": true,
    "kcCertifiedProductExclusionYn": true,
    "kcCertifiedProductExclusionType": "KC_EXEMPTION_OBJECT",
    "kcExemptionType": "OVERSEAS"
  },
  "minorPurchasable": true,
  "productInfoProvidedNoticeView": {
    "basic": {
      "품명 / 모델명": "상품상세 참조 / 상품상세 참조",
      "법에 의한 인증, 허가 등을 받았음을 확인할 수 있는 경우 그에 대한 사항": "상품상세 참조",
      "제조자(사)": "상품상세 참조",
      "제조국": "상세설명에 표시",
      "A/S 책임자": "상품 상세 참조",
      "A/S 전화번호": "********"
    },
    "additional": {
      "재화등의 배송방법에 관한 정보": "택배",
      "주문 이후 예상되는 배송기간": "대금 지급일로부터 3일 이내에 발송",
      "제품하자·오배송 등에 따른 청약철회 등의 경우 청약철회 등의 기한 및 통신판매업자가 부담하는 반품비용 등에 관한 정보": "상품상세 참조",
      "제품하자가 아닌 소비자의 단순변심에 따른 청약철회 시 소비자가 부담하는 반품비용 등에 관한 정보": "편도 20000원 (최초 배송비 무료인 경우 40000원 부과)",
      "제품하자가 아닌 소비자의 단순변심에 따른 청약철회가 불가능한 경우 그 구체적 사유와 근거": "상품상세 참조",
      "재화등의 교환·반품·보증 조건 및 품질보증기준": "상품상세 참조",
      "재화등의 A/S 관련 전화번호": "********",
      "대금을 환불받기 위한 방법과 환불이 지연될 경우 지연배상금을 지급받을 수 있다는 지연배상금 지급의 구체적인 조건·절차": "상품상세 참조",
      "소비자피해보상의 처리, 재화등에 대한 불만 처리 및 소비자와 사업자 사이의 분쟁처리에 관한 사항": "상품상세 참조",
      "거래에 관한 약관의 내용 또는 확인할 수 있는 방법": "상품상세 페이지 및 페이지 하단의 이용약관 링크를 통해 확인할 수 있습니다."
    }
  },
  "productAttributes": [],
  "productDeliveryInfo": {
    "deliveryFeeType": "FREE",
    "deliveryMethodTypes": ["DELIVERY"],
    "baseFee": 0,
    "deliveryAreaType": "AREA_3",
    "area2ExtraFee": 4000,
    "area3ExtraFee": 8000,
    "installationFee": false,
    "deliveryFeePolicyText": "제주 추가 4,000원, 제주 외 도서지역 추가 8,000원",
    "deliveryAttributeType": "NORMAL",
    "todayDelivery": false,
    "deliveryCompany": {
      "id": "CJGLS",
      "name": "CJ 대한통운(오네)"
    }
  },
  "claimDeliveryInfo": {
    "returnDeliveryCompanyPriority": "PRIMARY",
    "deliveryCompanyName": "한진택배",
    "deliveryCompanyCode": "HANJIN",
    "naverPayAppointment": true,
    "returnDeliveryFee": 20000,
    "exchangeDeliveryFee": 40000,
    "shippingAddressId": 107183995,
    "returnAddressId": 107183995,
    "shippingAddress": "264205 South Qingdao Road, Fenglin Sub-District Office, Huicui District, Building K, Backyard of Honda 4S Shop, No. 242, Weihai City, Shandong Province, China",
    "returnAddress": "264205 South Qingdao Road, Fenglin Sub-District Office, Huicui District, Building K, Backyard of Honda 4S Shop, No. 242, Weihai City, Shandong Province, China",
    "overseasShipping": true,
    "individualCustomUniqueCodeUsable": true,
    "freeReturnInsurance": false
  },
  "isCultureCostIncomeDeduction": false,
  "isRestrictCart": false,
  "naverGuaranteed": false,
  "newShoppingExposureYn": false,
  "benefitsView": {
    "discountedSalePrice": 22800,
    "mobileDiscountedSalePrice": 22800,
    "dispDiscountedSalePrice": 22800,
    "sellerImmediateDiscountAmount": 18100,
    "mobileSellerImmediateDiscountAmount": 18100,
    "managerImmediateDiscountAmount": 0,
    "mobileManagerImmediateDiscountAmount": 0,
    "specialDiscountAmount": {},
    "discountedRatio": 44,
    "mobileDiscountedRatio": 44,
    "dispDiscountedRatio": 44,
    "sellerPurchasePoint": 0,
    "mobileSellerPurchasePoint": 0,
    "sellerCustomerManagementPoint": 0,
    "mobileSellerCustomerManagementPoint": 0,
    "managerPurchasePoint": 228,
    "mobileManagerPurchasePoint": 228,
    "managerPurchaseExtraPoint": 0,
    "mobileManagerPurchaseExtraPoint": 0,
    "managerPaymoneyAccumulatePoint": 342,
    "mobileManagerPaymoneyAccumulatePoint": 342,
    "managerBankbookAccumulatePoint": 114,
    "mobileManagerBankbookAccumulatePoint": 114,
    "managerArrivalGuaranteePoint": 0,
    "mobileManagerArrivalGuaranteePoint": 0,
    "managerMembershipArrivalGuaranteePoint": 0,
    "mobileManagerMembershipArrivalGuaranteePoint": 0,
    "generalPurchaseReviewPoint": 0,
    "premiumPurchaseReviewPoint": 0,
    "managerGeneralPurchaseReviewPoint": 50,
    "managerPremiumPurchaseReviewPoint": 150,
    "textReviewPoint": 0,
    "photoVideoReviewPoint": 0,
    "afterUseTextReviewPoint": 0,
    "afterUsePhotoVideoReviewPoint": 0,
    "storeMemberReviewPoint": 0,
    "managerTextReviewPoint": 50,
    "managerPhotoVideoReviewPoint": 150,
    "managerAfterUseTextReviewPoint": 0,
    "managerAfterUsePhotoVideoReviewPoint": 0,
    "givePresent": false
  },
  "benefitsPolicy": {
    "sellerImmediateDiscountPolicyNo": "SE_12284604886",
    "sellerImmediateDiscountValueUnit": "WON",
    "sellerImmediateDiscountValue": 18100,
    "managerPurchasePointPolicyNo": 10511031105304,
    "managerPurchasePointValueUnit": "PERCENT",
    "managerPurchasePointValue": 1,
    "managerMaxPurchasePointAmount": 100000,
    "managerPaymoneyAccumulatePolicyNo": 439583905,
    "managerPaymoneyAccumulateValueUnit": "PERCENT",
    "managerPaymoneyAccumulateValue": 1.5,
    "managerMaxPaymoneyAccumulateAmount": 30000,
    "managerBankbookAccumulatePolicyNo": 13927943816488,
    "managerBankbookAccumulateValueUnit": "PERCENT",
    "managerBankbookAccumulateValue": 0.5,
    "managerMaxBankbookAccumulateAmount": 10000,
    "givePresent": false
  },
  "mobileBenefitsPolicy": {
    "sellerImmediateDiscountPolicyNo": "SE_12284604886",
    "sellerImmediateDiscountValueUnit": "WON",
    "sellerImmediateDiscountValue": 18100,
    "managerPurchasePointPolicyNo": 10511031105304,
    "managerPurchasePointValueUnit": "PERCENT",
    "managerPurchasePointValue": 1,
    "managerMaxPurchasePointAmount": 100000,
    "managerPaymoneyAccumulatePolicyNo": 439583905,
    "managerPaymoneyAccumulateValueUnit": "PERCENT",
    "managerPaymoneyAccumulateValue": 1.5,
    "managerMaxPaymoneyAccumulateAmount": 30000,
    "managerBankbookAccumulatePolicyNo": 13927943816488,
    "managerBankbookAccumulateValueUnit": "PERCENT",
    "managerBankbookAccumulateValue": 0.5,
    "managerMaxBankbookAccumulateAmount": 10000,
    "givePresent": false
  },
  "reviewAmount": {
    "totalReviewCount": 0,
    "score1ReviewCount": 0,
    "score2ReviewCount": 0,
    "score3ReviewCount": 0,
    "score4ReviewCount": 0,
    "score5ReviewCount": 0,
    "averageReviewScore": 0,
    "productSatisfactionPercent": 0,
    "premiumReviewHighlyRecommendationCount": 0,
    "premiumReviewRecommendationCount": 0,
    "premiumReviewNormalCount": 0,
    "premiumReviewNotRecommendationCount": 0,
    "generalReviewSatisfactionCount": 0,
    "generalReviewNormalCount": 0,
    "generalReviewDisSatisfactionCount": 0,
    "premiumReviewCount": 0
  },
  "averageDeliveryLeadTime": {
    "productAverageDeliveryLeadTime": 0,
    "sellerAverageDeliveryLeadTime": 9
  },
  "detailContents": {
    "detailContentText": "옵션 설명 ㅤ01.블랙ㅤㅤ02.그린ㅤ ㅤ03.블랙조끼+숏Tㅤㅤ04.그린조끼+숏Tㅤ ㅤ05.블랙조끼+롱Tㅤㅤ06.그린조끼+롱Tㅤ테크웨어 작업 조끼 경량 멀티포켓 멜빵 전투 아웃도어 전술조끼 후드 캠핑",
    "excessDetailContentText": false,
    "editorType": "NONE"
  },
  "useExternalStock": false,
  "dispName": "테크웨어 작업 조끼 경량 멀티포켓 멜빵 전투 아웃도어 전술조끼 후드 캠핑",
  "adultAuthorizationType": "ADULT_SELFAUTH_EXPIRED",
  "authorizationDisplay": "NORMAL",
  "representImage": {
    "order": 1,
    "url": "https://shop-phinf.pstatic.net/20250331_85/1743400864066ypEGQ_JPEG/13460353941493659_975460232.jpg",
    "width": 1000,
    "height": 1000,
    "imageType": "REPRESENTATIVE"
  },
  "view360Image": [],
  "galleryImages": [
    {
      "order": 1,
      "url": "https://shop-phinf.pstatic.net/20250331_85/1743400864066ypEGQ_JPEG/13460353941493659_975460232.jpg",
      "width": 1000,
      "height": 1000,
      "imageType": "REPRESENTATIVE"
    },
    {
      "order": 1,
      "url": "https://shop-phinf.pstatic.net/20250331_255/1743400869186UmMW4_JPEG/21268701300787243_1949094040.jpg",
      "width": 1000,
      "height": 1000,
      "imageType": "OPTIONAL"
    },
    {
      "order": 2,
      "url": "https://shop-phinf.pstatic.net/20250331_229/1743400866857GJid4_JPEG/13460356736464154_2012675739.jpg",
      "width": 600,
      "height": 800,
      "imageType": "OPTIONAL"
    },
    {
      "order": 3,
      "url": "https://shop-phinf.pstatic.net/20250331_192/1743400865176U6Djt_JPEG/70988299112377079_757535587.jpg",
      "width": 1000,
      "height": 1000,
      "imageType": "OPTIONAL"
    },
    {
      "order": 4,
      "url": "https://shop-phinf.pstatic.net/20250331_198/1743400867332W8uvx_JPEG/69220808273975229_1555817673.jpg",
      "width": 1000,
      "height": 1000,
      "imageType": "OPTIONAL"
    }
  ],
  "soldout": false,
  "viewAttributes": {
    "상품상태": "신상품",
    "상품번호": "12340696676",
    "원산지": "상세설명에 표시"
  },
  "additionalAttributes": {
    "영수증발급": "신용카드전표, 현금영수증발급",
    "A/S 안내": ["********", "********"]
  },
  "sellerTags": [
    {
      "text": "조끼코디"
    },
    {
      "text": "조끼의류"
    },
    {
      "text": "조끼자켓"
    },
    {
      "text": "조끼복"
    },
    {
      "text": "조끼베스트"
    }
  ],
  "eCouponCategory": false,
  "cultureCategory": false,
  "textOptions": [],
  "simpleOptions": [],
  "combinationOptions": [
    {
      "groupName": "선택",
      "options": [
        {
          "id": 51530302491,
          "optionName1": "01.블랙",
          "optionName2": "01.S",
          "stockQuantity": 999,
          "price": 0,
          "regOrder": 0,
          "registerDate": "2025-09-02T12:49:58.461+0000"
        },
        {
          "id": 51530302498,
          "optionName1": "02.그린",
          "optionName2": "01.S",
          "stockQuantity": 999,
          "price": 0,
          "regOrder": 7,
          "registerDate": "2025-09-02T12:49:58.470+0000"
        },
        {
          "id": 51530302505,
          "optionName1": "03.블랙조끼+숏T",
          "optionName2": "01.S",
          "stockQuantity": 999,
          "price": 0,
          "regOrder": 14,
          "registerDate": "2025-09-02T12:49:58.477+0000"
        },
        {
          "id": 51530302513,
          "optionName1": "04.그린조끼+숏T",
          "optionName2": "01.S",
          "stockQuantity": 999,
          "price": 0,
          "regOrder": 21,
          "registerDate": "2025-09-02T12:49:58.485+0000"
        },
        {
          "id": 51530302520,
          "optionName1": "05.블랙조끼+롱T",
          "optionName2": "01.S",
          "stockQuantity": 999,
          "price": 0,
          "regOrder": 28,
          "registerDate": "2025-09-02T12:49:58.493+0000"
        },
        {
          "id": 51530302527,
          "optionName1": "06.그린조끼+롱T",
          "optionName2": "01.S",
          "stockQuantity": 999,
          "price": 0,
          "regOrder": 35,
          "registerDate": "2025-09-02T12:49:58.501+0000"
        }
      ],
      "checkedName": null,
      "checkedIds": null,
      "price": 0,
      "isLastDepth": false
    },
    {
      "groupName": "크기",
      "options": null,
      "checkedName": null,
      "checkedIds": null,
      "price": 0,
      "isLastDepth": true
    }
  ],
  "standardOptions": [],
  "standardCombinations": [
    {
      "id": 51530302491,
      "optionName1": "01.블랙",
      "optionName2": "01.S",
      "stockQuantity": 999,
      "price": 0,
      "regOrder": 0,
      "registerDate": "2025-09-02T12:49:58.461+0000",
      "title": "_01.블랙_01.S___"
    },
    {
      "id": 51530302492,
      "optionName1": "01.블랙",
      "optionName2": "02.M",
      "stockQuantity": 999,
      "price": 0,
      "regOrder": 1,
      "registerDate": "2025-09-02T12:49:58.463+0000",
      "title": "_01.블랙_02.M___"
    },
    {
      "id": 51530302493,
      "optionName1": "01.블랙",
      "optionName2": "03.L",
      "stockQuantity": 999,
      "price": 0,
      "regOrder": 2,
      "registerDate": "2025-09-02T12:49:58.465+0000",
      "title": "_01.블랙_03.L___"
    },
    {
      "id": 51530302494,
      "optionName1": "01.블랙",
      "optionName2": "04.XL",
      "stockQuantity": 999,
      "price": 0,
      "regOrder": 3,
      "registerDate": "2025-09-02T12:49:58.466+0000",
      "title": "_01.블랙_04.XL___"
    },
    {
      "id": 51530302495,
      "optionName1": "01.블랙",
      "optionName2": "05.2XL",
      "stockQuantity": 999,
      "price": 0,
      "regOrder": 4,
      "registerDate": "2025-09-02T12:49:58.467+0000",
      "title": "_01.블랙_05.2XL___"
    },
    {
      "id": 51530302496,
      "optionName1": "01.블랙",
      "optionName2": "06.3XL",
      "stockQuantity": 999,
      "price": 0,
      "regOrder": 5,
      "registerDate": "2025-09-02T12:49:58.468+0000",
      "title": "_01.블랙_06.3XL___"
    },
    {
      "id": 51530302497,
      "optionName1": "01.블랙",
      "optionName2": "07.4XL",
      "stockQuantity": 999,
      "price": 0,
      "regOrder": 6,
      "registerDate": "2025-09-02T12:49:58.469+0000",
      "title": "_01.블랙_07.4XL___"
    },
    {
      "id": 51530302498,
      "optionName1": "02.그린",
      "optionName2": "01.S",
      "stockQuantity": 999,
      "price": 0,
      "regOrder": 7,
      "registerDate": "2025-09-02T12:49:58.470+0000",
      "title": "_02.그린_01.S___"
    },
    {
      "id": 51530302499,
      "optionName1": "02.그린",
      "optionName2": "02.M",
      "stockQuantity": 999,
      "price": 0,
      "regOrder": 8,
      "registerDate": "2025-09-02T12:49:58.471+0000",
      "title": "_02.그린_02.M___"
    },
    {
      "id": 51530302500,
      "optionName1": "02.그린",
      "optionName2": "03.L",
      "stockQuantity": 999,
      "price": 0,
      "regOrder": 9,
      "registerDate": "2025-09-02T12:49:58.472+0000",
      "title": "_02.그린_03.L___"
    },
    {
      "id": 51530302501,
      "optionName1": "02.그린",
      "optionName2": "04.XL",
      "stockQuantity": 999,
      "price": 0,
      "regOrder": 10,
      "registerDate": "2025-09-02T12:49:58.473+0000",
      "title": "_02.그린_04.XL___"
    },
    {
      "id": 51530302502,
      "optionName1": "02.그린",
      "optionName2": "05.2XL",
      "stockQuantity": 999,
      "price": 0,
      "regOrder": 11,
      "registerDate": "2025-09-02T12:49:58.474+0000",
      "title": "_02.그린_05.2XL___"
    },
    {
      "id": 51530302503,
      "optionName1": "02.그린",
      "optionName2": "06.3XL",
      "stockQuantity": 999,
      "price": 0,
      "regOrder": 12,
      "registerDate": "2025-09-02T12:49:58.475+0000",
      "title": "_02.그린_06.3XL___"
    },
    {
      "id": 51530302504,
      "optionName1": "02.그린",
      "optionName2": "07.4XL",
      "stockQuantity": 999,
      "price": 0,
      "regOrder": 13,
      "registerDate": "2025-09-02T12:49:58.476+0000",
      "title": "_02.그린_07.4XL___"
    },
    {
      "id": 51530302505,
      "optionName1": "03.블랙조끼+숏T",
      "optionName2": "01.S",
      "stockQuantity": 999,
      "price": 0,
      "regOrder": 14,
      "registerDate": "2025-09-02T12:49:58.477+0000",
      "title": "_03.블랙조끼+숏T_01.S___"
    },
    {
      "id": 51530302506,
      "optionName1": "03.블랙조끼+숏T",
      "optionName2": "02.M",
      "stockQuantity": 999,
      "price": 0,
      "regOrder": 15,
      "registerDate": "2025-09-02T12:49:58.478+0000",
      "title": "_03.블랙조끼+숏T_02.M___"
    },
    {
      "id": 51530302507,
      "optionName1": "03.블랙조끼+숏T",
      "optionName2": "03.L",
      "stockQuantity": 999,
      "price": 0,
      "regOrder": 16,
      "registerDate": "2025-09-02T12:49:58.479+0000",
      "title": "_03.블랙조끼+숏T_03.L___"
    },
    {
      "id": 51530302508,
      "optionName1": "03.블랙조끼+숏T",
      "optionName2": "04.XL",
      "stockQuantity": 999,
      "price": 0,
      "regOrder": 17,
      "registerDate": "2025-09-02T12:49:58.480+0000",
      "title": "_03.블랙조끼+숏T_04.XL___"
    },
    {
      "id": 51530302509,
      "optionName1": "03.블랙조끼+숏T",
      "optionName2": "05.2XL",
      "stockQuantity": 999,
      "price": 0,
      "regOrder": 18,
      "registerDate": "2025-09-02T12:49:58.482+0000",
      "title": "_03.블랙조끼+숏T_05.2XL___"
    },
    {
      "id": 51530302510,
      "optionName1": "03.블랙조끼+숏T",
      "optionName2": "06.3XL",
      "stockQuantity": 999,
      "price": 0,
      "regOrder": 19,
      "registerDate": "2025-09-02T12:49:58.483+0000",
      "title": "_03.블랙조끼+숏T_06.3XL___"
    },
    {
      "id": 51530302511,
      "optionName1": "03.블랙조끼+숏T",
      "optionName2": "07.4XL",
      "stockQuantity": 999,
      "price": 0,
      "regOrder": 20,
      "registerDate": "2025-09-02T12:49:58.484+0000",
      "title": "_03.블랙조끼+숏T_07.4XL___"
    },
    {
      "id": 51530302513,
      "optionName1": "04.그린조끼+숏T",
      "optionName2": "01.S",
      "stockQuantity": 999,
      "price": 0,
      "regOrder": 21,
      "registerDate": "2025-09-02T12:49:58.485+0000",
      "title": "_04.그린조끼+숏T_01.S___"
    },
    {
      "id": 51530302514,
      "optionName1": "04.그린조끼+숏T",
      "optionName2": "02.M",
      "stockQuantity": 999,
      "price": 0,
      "regOrder": 22,
      "registerDate": "2025-09-02T12:49:58.486+0000",
      "title": "_04.그린조끼+숏T_02.M___"
    },
    {
      "id": 51530302515,
      "optionName1": "04.그린조끼+숏T",
      "optionName2": "03.L",
      "stockQuantity": 999,
      "price": 0,
      "regOrder": 23,
      "registerDate": "2025-09-02T12:49:58.487+0000",
      "title": "_04.그린조끼+숏T_03.L___"
    },
    {
      "id": 51530302516,
      "optionName1": "04.그린조끼+숏T",
      "optionName2": "04.XL",
      "stockQuantity": 999,
      "price": 0,
      "regOrder": 24,
      "registerDate": "2025-09-02T12:49:58.488+0000",
      "title": "_04.그린조끼+숏T_04.XL___"
    },
    {
      "id": 51530302517,
      "optionName1": "04.그린조끼+숏T",
      "optionName2": "05.2XL",
      "stockQuantity": 999,
      "price": 0,
      "regOrder": 25,
      "registerDate": "2025-09-02T12:49:58.490+0000",
      "title": "_04.그린조끼+숏T_05.2XL___"
    },
    {
      "id": 51530302518,
      "optionName1": "04.그린조끼+숏T",
      "optionName2": "06.3XL",
      "stockQuantity": 999,
      "price": 0,
      "regOrder": 26,
      "registerDate": "2025-09-02T12:49:58.491+0000",
      "title": "_04.그린조끼+숏T_06.3XL___"
    },
    {
      "id": 51530302519,
      "optionName1": "04.그린조끼+숏T",
      "optionName2": "07.4XL",
      "stockQuantity": 999,
      "price": 0,
      "regOrder": 27,
      "registerDate": "2025-09-02T12:49:58.492+0000",
      "title": "_04.그린조끼+숏T_07.4XL___"
    },
    {
      "id": 51530302520,
      "optionName1": "05.블랙조끼+롱T",
      "optionName2": "01.S",
      "stockQuantity": 999,
      "price": 0,
      "regOrder": 28,
      "registerDate": "2025-09-02T12:49:58.493+0000",
      "title": "_05.블랙조끼+롱T_01.S___"
    },
    {
      "id": 51530302521,
      "optionName1": "05.블랙조끼+롱T",
      "optionName2": "02.M",
      "stockQuantity": 999,
      "price": 0,
      "regOrder": 29,
      "registerDate": "2025-09-02T12:49:58.494+0000",
      "title": "_05.블랙조끼+롱T_02.M___"
    },
    {
      "id": 51530302522,
      "optionName1": "05.블랙조끼+롱T",
      "optionName2": "03.L",
      "stockQuantity": 999,
      "price": 0,
      "regOrder": 30,
      "registerDate": "2025-09-02T12:49:58.495+0000",
      "title": "_05.블랙조끼+롱T_03.L___"
    },
    {
      "id": 51530302523,
      "optionName1": "05.블랙조끼+롱T",
      "optionName2": "04.XL",
      "stockQuantity": 999,
      "price": 0,
      "regOrder": 31,
      "registerDate": "2025-09-02T12:49:58.496+0000",
      "title": "_05.블랙조끼+롱T_04.XL___"
    },
    {
      "id": 51530302524,
      "optionName1": "05.블랙조끼+롱T",
      "optionName2": "05.2XL",
      "stockQuantity": 999,
      "price": 0,
      "regOrder": 32,
      "registerDate": "2025-09-02T12:49:58.497+0000",
      "title": "_05.블랙조끼+롱T_05.2XL___"
    },
    {
      "id": 51530302525,
      "optionName1": "05.블랙조끼+롱T",
      "optionName2": "06.3XL",
      "stockQuantity": 999,
      "price": 0,
      "regOrder": 33,
      "registerDate": "2025-09-02T12:49:58.498+0000",
      "title": "_05.블랙조끼+롱T_06.3XL___"
    },
    {
      "id": 51530302526,
      "optionName1": "05.블랙조끼+롱T",
      "optionName2": "07.4XL",
      "stockQuantity": 999,
      "price": 0,
      "regOrder": 34,
      "registerDate": "2025-09-02T12:49:58.500+0000",
      "title": "_05.블랙조끼+롱T_07.4XL___"
    },
    {
      "id": 51530302527,
      "optionName1": "06.그린조끼+롱T",
      "optionName2": "01.S",
      "stockQuantity": 999,
      "price": 0,
      "regOrder": 35,
      "registerDate": "2025-09-02T12:49:58.501+0000",
      "title": "_06.그린조끼+롱T_01.S___"
    },
    {
      "id": 51530302528,
      "optionName1": "06.그린조끼+롱T",
      "optionName2": "02.M",
      "stockQuantity": 999,
      "price": 0,
      "regOrder": 36,
      "registerDate": "2025-09-02T12:49:58.502+0000",
      "title": "_06.그린조끼+롱T_02.M___"
    },
    {
      "id": 51530302529,
      "optionName1": "06.그린조끼+롱T",
      "optionName2": "03.L",
      "stockQuantity": 999,
      "price": 0,
      "regOrder": 37,
      "registerDate": "2025-09-02T12:49:58.503+0000",
      "title": "_06.그린조끼+롱T_03.L___"
    },
    {
      "id": 51530302530,
      "optionName1": "06.그린조끼+롱T",
      "optionName2": "04.XL",
      "stockQuantity": 999,
      "price": 0,
      "regOrder": 38,
      "registerDate": "2025-09-02T12:49:58.504+0000",
      "title": "_06.그린조끼+롱T_04.XL___"
    },
    {
      "id": 51530302531,
      "optionName1": "06.그린조끼+롱T",
      "optionName2": "05.2XL",
      "stockQuantity": 999,
      "price": 0,
      "regOrder": 39,
      "registerDate": "2025-09-02T12:49:58.505+0000",
      "title": "_06.그린조끼+롱T_05.2XL___"
    },
    {
      "id": 51530302532,
      "optionName1": "06.그린조끼+롱T",
      "optionName2": "06.3XL",
      "stockQuantity": 999,
      "price": 0,
      "regOrder": 40,
      "registerDate": "2025-09-02T12:49:58.506+0000",
      "title": "_06.그린조끼+롱T_06.3XL___"
    },
    {
      "id": 51530302533,
      "optionName1": "06.그린조끼+롱T",
      "optionName2": "07.4XL",
      "stockQuantity": 999,
      "price": 0,
      "regOrder": 41,
      "registerDate": "2025-09-02T12:49:58.507+0000",
      "title": "_06.그린조끼+롱T_07.4XL___"
    }
  ],
  "supplements": [],
  "deliveryText": "제주 추가 4,000원, 제주 외 도서지역 추가 8,000원",
  "deliveryMethodType": {
    "code": 1,
    "name": "택배",
    "description": "택배",
    "etc": null,
    "naverPayCode": "DELIVERY"
  },
  "discountedSalePrice": 22800,
  "mobileDiscountRatio": 44,
  "hopeDelivery": null,
  "commentCount": 0,
  "interestFreePlans": {
    "hasInterestFreePlans": true,
    "sellerBurden": {},
    "adminBurden": {
      "신한": [
        {
          "cardCorpName": "신한",
          "cardCorpImageUrl": "https://ssl.pstatic.net/static.pay/u/card/logocard_shinhanbank.gif",
          "managerFreeInterestBurdenType": "MP",
          "managerFreeInterestCode": "MEMBERSHIP",
          "freeInterestMonth": "12",
          "minPayAmount": 1000000
        },
        {
          "cardCorpName": "신한",
          "cardCorpImageUrl": "https://ssl.pstatic.net/static.pay/u/card/logocard_shinhanbank.gif",
          "managerFreeInterestBurdenType": "MP",
          "managerFreeInterestCode": "MEMBERSHIP",
          "freeInterestMonth": "24",
          "minPayAmount": 1000000
        },
        {
          "cardCorpName": "신한",
          "cardCorpImageUrl": "https://ssl.pstatic.net/static.pay/u/card/logocard_shinhanbank.gif",
          "managerFreeInterestBurdenType": "PG",
          "freeInterestMonth": "2,3,4,5",
          "minPayAmount": 50000
        },
        {
          "cardCorpName": "신한",
          "cardCorpImageUrl": "https://ssl.pstatic.net/static.pay/u/card/logocard_shinhanbank.gif",
          "managerFreeInterestBurdenType": "PG",
          "freeInterestMonth": "7",
          "minPayAmount": 50000,
          "customerBurdenMonth": "1,2,3"
        },
        {
          "cardCorpName": "신한",
          "cardCorpImageUrl": "https://ssl.pstatic.net/static.pay/u/card/logocard_shinhanbank.gif",
          "managerFreeInterestBurdenType": "PG",
          "freeInterestMonth": "9",
          "minPayAmount": 50000,
          "customerBurdenMonth": "1,2,3,4"
        },
        {
          "cardCorpName": "신한",
          "cardCorpImageUrl": "https://ssl.pstatic.net/static.pay/u/card/logocard_shinhanbank.gif",
          "managerFreeInterestBurdenType": "PG",
          "freeInterestMonth": "11",
          "minPayAmount": 50000,
          "customerBurdenMonth": "1,2,3,4,5"
        },
        {
          "cardCorpName": "신한",
          "cardCorpImageUrl": "https://ssl.pstatic.net/static.pay/u/card/logocard_shinhanbank.gif",
          "managerFreeInterestBurdenType": "PG",
          "freeInterestMonth": "23",
          "minPayAmount": 50000,
          "customerBurdenMonth": "1,2,3,4,5,6,7,8,9,10"
        }
      ],
      "국민": [
        {
          "cardCorpName": "국민",
          "cardCorpImageUrl": "https://ssl.pstatic.net/static.pay/u/card/logocard_KBbank.gif",
          "managerFreeInterestBurdenType": "MP",
          "managerFreeInterestCode": "MEMBERSHIP",
          "freeInterestMonth": "12",
          "minPayAmount": 1000000
        },
        {
          "cardCorpName": "국민",
          "cardCorpImageUrl": "https://ssl.pstatic.net/static.pay/u/card/logocard_KBbank.gif",
          "managerFreeInterestBurdenType": "PG",
          "freeInterestMonth": "2,3,4,5",
          "minPayAmount": 50000
        },
        {
          "cardCorpName": "국민",
          "cardCorpImageUrl": "https://ssl.pstatic.net/static.pay/u/card/logocard_KBbank.gif",
          "managerFreeInterestBurdenType": "PG",
          "freeInterestMonth": "6",
          "minPayAmount": 50000,
          "customerBurdenMonth": "1,2,3"
        },
        {
          "cardCorpName": "국민",
          "cardCorpImageUrl": "https://ssl.pstatic.net/static.pay/u/card/logocard_KBbank.gif",
          "managerFreeInterestBurdenType": "PG",
          "freeInterestMonth": "10",
          "minPayAmount": 50000,
          "customerBurdenMonth": "1,2,3,4,5"
        }
      ],
      "롯데": [
        {
          "cardCorpName": "롯데",
          "cardCorpImageUrl": "https://ssl.pstatic.net/static.pay/u/card/logocard_lottecard_n.png",
          "managerFreeInterestBurdenType": "MP",
          "managerFreeInterestCode": "MEMBERSHIP",
          "freeInterestMonth": "12",
          "minPayAmount": 1000000
        },
        {
          "cardCorpName": "롯데",
          "cardCorpImageUrl": "https://ssl.pstatic.net/static.pay/u/card/logocard_lottecard_n.png",
          "managerFreeInterestBurdenType": "PG",
          "freeInterestMonth": "2,3,4,5",
          "minPayAmount": 50000
        }
      ],
      "삼성": [
        {
          "cardCorpName": "삼성",
          "cardCorpImageUrl": "https://ssl.pstatic.net/static.pay/u/card/logocard_samsung_n.png",
          "managerFreeInterestBurdenType": "MP",
          "managerFreeInterestCode": "MEMBERSHIP",
          "freeInterestMonth": "12",
          "minPayAmount": 1000000
        },
        {
          "cardCorpName": "삼성",
          "cardCorpImageUrl": "https://ssl.pstatic.net/static.pay/u/card/logocard_samsung_n.png",
          "managerFreeInterestBurdenType": "PG",
          "freeInterestMonth": "2,3,4,5",
          "minPayAmount": 50000
        },
        {
          "cardCorpName": "삼성",
          "cardCorpImageUrl": "https://ssl.pstatic.net/static.pay/u/card/logocard_samsung_n.png",
          "managerFreeInterestBurdenType": "PG",
          "freeInterestMonth": "7",
          "minPayAmount": 50000,
          "customerBurdenMonth": "1,2,3"
        },
        {
          "cardCorpName": "삼성",
          "cardCorpImageUrl": "https://ssl.pstatic.net/static.pay/u/card/logocard_samsung_n.png",
          "managerFreeInterestBurdenType": "PG",
          "freeInterestMonth": "11",
          "minPayAmount": 50000,
          "customerBurdenMonth": "1,2,3,4,5"
        },
        {
          "cardCorpName": "삼성",
          "cardCorpImageUrl": "https://ssl.pstatic.net/static.pay/u/card/logocard_samsung_n.png",
          "managerFreeInterestBurdenType": "PG",
          "freeInterestMonth": "23",
          "minPayAmount": 50000,
          "customerBurdenMonth": "1,2,3,4,5,6,7,8,9,10"
        }
      ],
      "NH": [
        {
          "cardCorpName": "NH",
          "cardCorpImageUrl": "https://ssl.pstatic.net/static.pay/u/card/logocard_NH_n.png",
          "managerFreeInterestBurdenType": "PG",
          "freeInterestMonth": "2,3,4,5,6",
          "minPayAmount": 50000
        },
        {
          "cardCorpName": "NH",
          "cardCorpImageUrl": "https://ssl.pstatic.net/static.pay/u/card/logocard_NH_n.png",
          "managerFreeInterestBurdenType": "PG",
          "freeInterestMonth": "7,8,9,10",
          "minPayAmount": 50000,
          "customerBurdenMonth": "1,2,3"
        },
        {
          "cardCorpName": "NH",
          "cardCorpImageUrl": "https://ssl.pstatic.net/static.pay/u/card/logocard_NH_n.png",
          "managerFreeInterestBurdenType": "PG",
          "freeInterestMonth": "12",
          "minPayAmount": 50000,
          "customerBurdenMonth": "1,2,3,4"
        },
        {
          "cardCorpName": "NH",
          "cardCorpImageUrl": "https://ssl.pstatic.net/static.pay/u/card/logocard_NH_n.png",
          "managerFreeInterestBurdenType": "PG",
          "freeInterestMonth": "18",
          "minPayAmount": 50000,
          "customerBurdenMonth": "1,2,3,4,5"
        },
        {
          "cardCorpName": "NH",
          "cardCorpImageUrl": "https://ssl.pstatic.net/static.pay/u/card/logocard_NH_n.png",
          "managerFreeInterestBurdenType": "PG",
          "freeInterestMonth": "24",
          "minPayAmount": 50000,
          "customerBurdenMonth": "1,2,3,4,5,6"
        }
      ],
      "BC": [
        {
          "cardCorpName": "BC",
          "cardCorpImageUrl": "https://ssl.pstatic.net/static.pay/u/card/logocard_BCcard.gif",
          "managerFreeInterestBurdenType": "PG",
          "freeInterestMonth": "2,3,4,5",
          "minPayAmount": 50000
        }
      ],
      "우리": [
        {
          "cardCorpName": "우리",
          "cardCorpImageUrl": "https://ssl.pstatic.net/static.pay/u/card/logocard_wooricard.gif",
          "managerFreeInterestBurdenType": "PG",
          "freeInterestMonth": "2,3,4,5",
          "minPayAmount": 50000
        },
        {
          "cardCorpName": "우리",
          "cardCorpImageUrl": "https://ssl.pstatic.net/static.pay/u/card/logocard_wooricard.gif",
          "managerFreeInterestBurdenType": "PG",
          "freeInterestMonth": "10",
          "minPayAmount": 50000,
          "customerBurdenMonth": "1,2,3,4"
        },
        {
          "cardCorpName": "우리",
          "cardCorpImageUrl": "https://ssl.pstatic.net/static.pay/u/card/logocard_wooricard.gif",
          "managerFreeInterestBurdenType": "PG",
          "freeInterestMonth": "12",
          "minPayAmount": 50000,
          "customerBurdenMonth": "1,2,3,4,5"
        }
      ],
      "하나": [
        {
          "cardCorpName": "하나",
          "cardCorpImageUrl": "https://ssl.pstatic.net/static.pay/u/card/logocard_hanacard.gif",
          "managerFreeInterestBurdenType": "PG",
          "freeInterestMonth": "2,3,4,5",
          "minPayAmount": 50000
        },
        {
          "cardCorpName": "하나",
          "cardCorpImageUrl": "https://ssl.pstatic.net/static.pay/u/card/logocard_hanacard.gif",
          "managerFreeInterestBurdenType": "PG",
          "freeInterestMonth": "6",
          "minPayAmount": 50000,
          "customerBurdenMonth": "1,2,3"
        },
        {
          "cardCorpName": "하나",
          "cardCorpImageUrl": "https://ssl.pstatic.net/static.pay/u/card/logocard_hanacard.gif",
          "managerFreeInterestBurdenType": "PG",
          "freeInterestMonth": "10",
          "minPayAmount": 50000,
          "customerBurdenMonth": "1,2,3,4"
        },
        {
          "cardCorpName": "하나",
          "cardCorpImageUrl": "https://ssl.pstatic.net/static.pay/u/card/logocard_hanacard.gif",
          "managerFreeInterestBurdenType": "PG",
          "freeInterestMonth": "12",
          "minPayAmount": 50000,
          "customerBurdenMonth": "1,2,3,4,5"
        },
        {
          "cardCorpName": "하나",
          "cardCorpImageUrl": "https://ssl.pstatic.net/static.pay/u/card/logocard_hanacard.gif",
          "managerFreeInterestBurdenType": "PG",
          "freeInterestMonth": "18",
          "minPayAmount": 50000,
          "customerBurdenMonth": "1,2,3,4,5,6,7,8"
        }
      ],
      "현대": [
        {
          "cardCorpName": "현대",
          "cardCorpImageUrl": "https://ssl.pstatic.net/static.pay/u/card/logocard_hyundaicard.gif",
          "managerFreeInterestBurdenType": "PG",
          "freeInterestMonth": "2,3",
          "minPayAmount": 10000
        },
        {
          "cardCorpName": "현대",
          "cardCorpImageUrl": "https://ssl.pstatic.net/static.pay/u/card/logocard_hyundaicard.gif",
          "managerFreeInterestBurdenType": "PG",
          "freeInterestMonth": "10",
          "minPayAmount": 10000,
          "customerBurdenMonth": "1,2,3,4,5"
        },
        {
          "cardCorpName": "현대",
          "cardCorpImageUrl": "https://ssl.pstatic.net/static.pay/u/card/logocard_hyundaicard.gif",
          "managerFreeInterestBurdenType": "PG",
          "freeInterestMonth": "12",
          "minPayAmount": 10000,
          "customerBurdenMonth": "1,2,3,4,5,6"
        }
      ]
    },
    "maxInterestFreePlanMonths": 24
  },
  "isPayMember": true,
  "arrivalGuarantee": false,
  "rmids": [],
  "groupId": null,
  "groupEpId": null,
  "simpleProductAffiliateYn": false
}
